{"song_name":{"1":"El-Condor-Pasa.mp3","2":"Empire State of Mind .mp3"},"tempo":{"1":161.4990234375,"2":86.1328125},"total_beats":{"1":202383,"2":106885},"average_beats":{"1":1272.8490566038,"2":1257.4705882353},"chroma_stft_mean":{"1":0.3006094992,"2":0.4425472319},"chroma_stft_std":{"1":0.2961857319,"2":0.3084012866},"chroma_stft_var":{"1":0.0877259895,"2":0.0951113477},"chroma_cq_mean":{"1":0.3810718954,"2":0.5961889625},"chroma_cq_std":{"1":0.2867615521,"2":0.2529453635},"chroma_cq_var":{"1":0.0822321922,"2":0.0639813542},"chroma_cens_mean":{"1":0.2217104435,"2":0.2674570084},"chroma_cens_std":{"1":0.1848724186,"2":0.1086282134},"chroma_cens_var":{"1":0.0341778137,"2":0.0118000889},"melspectrogram_mean":{"1":6.3922553062,"2":24.2036876678},"melspectrogram_std":{"1":45.6906433105,"2":184.6587982178},"melspectrogram_var":{"1":2087.6350097656,"2":34098.87109375},"mfcc_mean":{"1":0.4034563005,"2":5.3410286903},"mfcc_std":{"1":41.6969451904,"2":30.3014259338},"mfcc_var":{"1":1738.6351318359,"2":918.1764526367},"mfcc_delta_mean":{"1":0.0082586613,"2":0.0081774872},"mfcc_delta_std":{"1":2.0968134403,"2":3.9506559372},"mfcc_delta_var":{"1":4.3966269493,"2":15.6076831818},"rmse_mean":{"1":0.1455848217,"2":0.3079415262},"rmse_std":{"1":0.0905472934,"2":0.1280296892},"rmse_var":{"1":0.0081988117,"2":0.0163916014},"cent_mean":{"1":2224.2464929325,"2":2813.020906912},"cent_std":{"1":768.785802584,"2":1213.6767341362},"cent_var":{"1":591031.6102547697,"2":1473011.2149834225},"spec_bw_mean":{"1":2389.7340144323,"2":2676.6808683748},"spec_bw_std":{"1":530.7505529508,"2":481.6578858165},"spec_bw_var":{"1":281696.149457575,"2":231994.3189692178},"contrast_mean":{"1":22.1612482682,"2":19.2242932427},"contrast_std":{"1":6.4740806579,"2":6.7901483419},"contrast_var":{"1":41.9137203649,"2":46.1061145056},"rolloff_mean":{"1":4703.4548921851,"2":5764.4526431435},"rolloff_std":{"1":1982.2755046537,"2":2133.6442315105},"rolloff_var":{"1":3929416.1763500324,"2":4552437.706657975},"poly_mean":{"1":1.689403743,"2":3.6902143916},"poly_std":{"1":2.2736463596,"2":4.574062488},"poly_var":{"1":5.1694677683,"2":20.9220476438},"tonnetz_mean":{"1":0.0746982269,"2":-0.0091005051},"tonnetz_std":{"1":0.1542861714,"2":0.066235752},"tonnetz_var":{"1":0.0238042227,"2":0.0043871748},"zcr_mean":{"1":0.1015269749,"2":0.1404855451},"zcr_std":{"1":0.0419604652,"2":0.1058056607},"zcr_var":{"1":0.0017606806,"2":0.0111948378},"harm_mean":{"1":-0.0000001085,"2":0.0000215791},"harm_std":{"1":0.1440749019,"2":0.1745212376},"harm_var":{"1":0.0207575783,"2":0.0304576606},"perc_mean":{"1":0.0000640386,"2":-0.0000519257},"perc_std":{"1":0.0649962276,"2":0.2266346216},"perc_var":{"1":0.0042245099,"2":0.0513632484},"frame_mean":{"1":26.1572789116,"2":1.8912653061},"frame_std":{"1":6.6657226593,"2":1.0529801409},"frame_var":{"1":44.4318585709,"2":1.1087671771}}