{"song_name":{"1":"El-Condor-Pasa.mp3","2":"Empire State of Mind .mp3","3":"Uptown_Funk.mp3"},"tempo":{"1":161.4990234375,"2":86.1328125,"3":117.4538352273},"total_beats":{"1":834156,"2":444557,"3":592605},"average_beats":{"1":2582.5263157895,"2":2569.6936416185,"3":2576.5434782609},"chroma_stft_mean":{"1":0.2690344751,"2":0.4295873642,"3":0.4713400304},"chroma_stft_std":{"1":0.292830199,"2":0.3051761985,"3":0.3042692244},"chroma_stft_var":{"1":0.0857495293,"2":0.0931325108,"3":0.0925797671},"chroma_cq_mean":{"1":0.3935967088,"2":0.5982754827,"3":0.6528112888},"chroma_cq_std":{"1":0.2804949284,"2":0.2488310784,"3":0.2208981216},"chroma_cq_var":{"1":0.0786774084,"2":0.0619169027,"3":0.0487959795},"chroma_cens_mean":{"1":0.2274441868,"2":0.2686873972,"3":0.2774479091},"chroma_cens_std":{"1":0.1777708381,"2":0.1055481806,"3":0.0797244981},"chroma_cens_var":{"1":0.0316024683,"2":0.0111404182,"3":0.0063559958},"melspectrogram_mean":{"1":9.9855775833,"2":25.0379962921,"3":7.5591287613},"melspectrogram_std":{"1":63.1800079346,"2":183.0159301758,"3":84.0644226074},"melspectrogram_var":{"1":3991.7136230469,"2":33494.828125,"3":7066.8266601562},"mfcc_mean":{"1":2.3530995846,"2":5.995871067,"3":0.2671736181},"mfcc_std":{"1":34.5285873413,"2":26.7138252258,"3":39.7490386963},"mfcc_var":{"1":1192.2232666016,"2":713.6284179688,"3":1579.9862060547},"mfcc_delta_mean":{"1":0.002884256,"2":0.0030449834,"3":0.0047239973},"mfcc_delta_std":{"1":2.1654834747,"2":3.4894719124,"3":4.6563587189},"mfcc_delta_var":{"1":4.6893186569,"2":12.1764144897,"3":21.6816749573},"rmse_mean":{"1":0.1935971826,"2":0.3206338882,"3":0.155557856},"rmse_std":{"1":0.0884902924,"2":0.1193131283,"3":0.1054087803},"rmse_var":{"1":0.0078305323,"2":0.0142356232,"3":0.0111110117},"cent_mean":{"1":2361.9114592527,"2":2806.770060747,"3":2798.5669513986},"cent_std":{"1":660.078115877,"2":1037.6210016621,"3":974.9595551081},"cent_var":{"1":435703.119059769,"2":1076657.3430902434,"3":950546.134096652},"spec_bw_mean":{"1":2550.6474986641,"2":2670.921769347,"3":2529.9280801897},"spec_bw_std":{"1":446.9169577172,"2":425.6050863755,"3":390.7715072744},"spec_bw_var":{"1":199734.7670951569,"2":181139.6895486734,"3":152702.3708975367},"contrast_mean":{"1":22.4263341924,"2":19.6741642384,"3":19.0211249255},"contrast_std":{"1":6.2825430636,"2":6.7687434438,"3":7.3610131574},"contrast_var":{"1":39.4703473465,"2":45.8158878082,"3":54.1845147041},"rolloff_mean":{"1":5233.9037679666,"2":5790.4004029076,"3":5555.7497384747},"rolloff_std":{"1":1684.5074779357,"2":1873.0975534076,"3":1590.2865856809},"rolloff_var":{"1":2837565.4432212957,"2":3508494.4445816679,"3":2529011.4245964596},"poly_mean":{"1":2.1790194183,"2":3.9841871325,"3":2.0574375477},"poly_std":{"1":2.6481066262,"2":4.746676662,"3":3.0077117917},"poly_var":{"1":7.0124687039,"2":22.5309393337,"3":9.0463302221},"tonnetz_mean":{"1":0.0721393675,"2":-0.0111948675,"3":0.0049992315},"tonnetz_std":{"1":0.1436787935,"2":0.0664926509,"3":0.0511696634},"tonnetz_var":{"1":0.0206435957,"2":0.0044212726,"3":0.0026183344},"zcr_mean":{"1":0.101178621,"2":0.1405897583,"3":0.1520334722},"zcr_std":{"1":0.0364499217,"2":0.0895587619,"3":0.0964117468},"zcr_var":{"1":0.0013285968,"2":0.0080207718,"3":0.0092952249},"harm_mean":{"1":-0.0000009558,"2":0.000032091,"3":-0.0000053766},"harm_std":{"1":0.1830004305,"2":0.1878882647,"3":0.0963191092},"harm_var":{"1":0.0334891602,"2":0.0353019983,"3":0.0092773708},"perc_mean":{"1":0.0001416645,"2":-0.0000904811,"3":0.0002236589},"perc_std":{"1":0.0734118,"2":0.2228967845,"3":0.129814446},"perc_var":{"1":0.0053892927,"2":0.0496829748,"3":0.0168517921},"frame_mean":{"1":26.1572789116,"2":1.8912653061,"3":4.5696870748},"frame_std":{"1":6.6657226593,"2":1.0529801409,"3":2.3228730133},"frame_var":{"1":44.4318585709,"2":1.1087671771,"3":5.395739036}}